{
  "restaurant_search": {
    "precision": 1.0,
    "recall": 0.9791666666666666,
    "f1-score": 0.9894736842105264,
    "support": 288,
    "confused_with": {
      "send_email": 6
    }
  },
  "goodbye": {
    "precision": 1.0,
    "recall": 1.0,
    "f1-score": 1.0,
    "support": 10,
    "confused_with": {}
  },
  "greet": {
    "precision": 1.0,
    "recall": 1.0,
    "f1-score": 1.0,
    "support": 10,
    "confused_with": {}
  },
  "deny": {
    "precision": 1.0,
    "recall": 1.0,
    "f1-score": 1.0,
    "support": 12,
    "confused_with": {}
  },
  "send_email": {
    "precision": 0.6923076923076923,
    "recall": 1.0,
    "f1-score": 0.8181818181818181,
    "support": 18,
    "confused_with": {}
  },
  "affirm": {
    "precision": 1.0,
    "recall": 0.9259259259259259,
    "f1-score": 0.9615384615384615,
    "support": 27,
    "confused_with": {
      "send_email": 2
    }
  },
  "accuracy": 0.9780821917808219,
  "macro avg": {
    "precision": 0.9487179487179488,
    "recall": 0.984182098765432,
    "f1-score": 0.9615323273218009,
    "support": 365
  },
  "weighted avg": {
    "precision": 0.9848261327713382,
    "recall": 0.9780821917808219,
    "f1-score": 0.9798828280587474,
    "support": 365
  }
}